"0","# Data_Pclass1 <- subset(Data_Pclass1, select = -c(price_usd_normalized) )"
"0","# write.csv(Data_Pclass1,file = ""../../../Data/datacsv_Pclass1.csv"")"
"0","# Data_Pclass2 <- subset(Data_Pclass2, select = -c(price_usd_normalized) )"
"0","# write.csv(Data_Pclass2,file = ""../../../Data/datacsv_Pclass2.csv"")"
"0","# Data_Pclass3 <- subset(Data_Pclass3, select = -c(price_usd_normalized) )"
"0","# write.csv(Data_Pclass3,file = ""../../../Data/datacsv_Pclass3.csv"")"
"0","# Data_Pclass4 <- subset(Data_Pclass4, select = -c(price_usd_normalized) )"
"0","# write.csv(Data_Pclass4,file = ""../../../Data/datacsv_Pclass4.csv"")"
"0","# Data_Pclass5 <- subset(Data_Pclass5, select = -c(price_usd_normalized) )"
"0","# write.csv(Data_Pclass5,file = ""../../../Data/datacsv_Pclass5.csv"")"
"0","# Data_Pclass6 <- subset(Data_Pclass6, select = -c(price_usd_normalized) )"
"0","# write.csv(Data_Pclass6,file = ""../../../Data/datacsv_Pclass6.csv"")"
"0","# data <- subset(data, select = -c(price_usd_normalized) )"
"0","write.csv(data,file = ""../../../Data/data.csv"")"
