"0","library(caret)"
"0","library(randomForest)"
"0","library(doParallel)"
"0","cores <- 4"
"0","cl <- makePSOCKcluster(cores)"
"0","registerDoParallel(cl)"
"0","# 3 times cross validation."
"0","my_control <- trainControl(method = ""cv"", number = 3 )"
"0","my_forest <- train(score ~ "
"0","                                  # srch_id + "
"0","                                  # site_id +                     "
"0","                                  # prop_id + "
"0","                                  prop_starrating +"
"0","                                  prop_review_score +"
"0","                                  prop_brand_bool +"
"0","                                  prop_location_score1 +"
"0","                                  prop_location_score2 +"
"0","                                  position +"
"0","                                  price_usd +"
"0","                                  promotion_flag +"
"0","                                  # srch_saturday_night_bool +"
"0","                                  # random_bool+ "
"0","                                  # click_bool +"
"0","                                  # booking_bool+"
"0","                                  # consumer+"
"0","                                  Pclass ,"
"0","                   data = df,"
"0","                   method = ""parRF"","
"0","                   ntree = 250,"
"0","                   trControl=my_control)"
"2","closing unused connection 6 (<-localhost:11684)"
"2","closing unused connection 5 (<-localhost:11684)"
"2","closing unused connection 4 (<-localhost:11684)"
"2","closing unused connection 3 (<-localhost:11684)"
"2","
"
