"0","load(file = ""../../../Data/data_Pclass1.RData"")"
"0","load(file = ""../../../Data/data_Pclass2.RData"")"
"0","load(file = ""../../../Data/data_Pclass3.RData"")"
"0","load(file = ""../../../Data/data_Pclass4.RData"")"
"0","load(file = ""../../../Data/data_Pclass5.RData"")"
"0","load(file = ""../../../Data/data_Pclass6.RData"")"
"0","# load(file = ""../../../Data/dataTEST_Pclass1.RData"")"
"0","# load(file = ""../../../Data/dataTEST_Pclass2.RData"")"
"0","# load(file = ""../../../Data/dataTEST_Pclass3.RData"")"
"0","# load(file = ""../../../Data/dataTEST_Pclass4.RData"")"
"0","# load(file = ""../../../Data/dataTEST_Pclass5.RData"")"
"0","# load(file = ""../../../Data/dataTEST_Pclass6.RData"")"
"0","# save.image(""../../../Data/rawdata_environment.RData"")"
