"0","# Subset Data"
"0","srch_idP <- unique(ranked[,1])"
"0","out <- subset(DData, srch_id %in% srch_idP)"
"0","# Calculate basic score "
"0","out$scored <- out[,2] +4* out[,3]"
"0","# Set up Position"
"0","out$position <- ave(out$srch_id, out$srch_id, FUN = seq_along)"
"0","# Calculate discounted score"
"0","out$Dscore <- out$scored / (out$position)"
"0","# Delete variables"
"0","out$click_bool <- NULL"
"0","out$booking_bool <- NULL"
"0","# Calculate discounted score"
"0","out$Dscore <- (2^out$score - 1)/ log2(out$position + 1)"
"0","sums <- aggregate(out$Dscore, by=list(out$srch_id), FUN= sum)  # Sum each score for each group-id"
"0","# Calculate max score possible"
"0","out_max <- out[order(out$srch_id, -out$scored),]"
"0","out_max$position <- ave(out_max$srch_id, out_max$srch_id, FUN = seq_along)"
"0","out_max$Dscore <-  (2^out_max$score - 1)/ log2(out_max$position + 1)"
"0","sums_max <- aggregate(out_max$Dscore, by=list(out_max$srch_id), FUN= sum)  # Sum each score for each group-id"
"0","# Calculate NDCG"
"0","a<- sums/ sums_max"
"0","NDCG <- sum(a[,2])/nrow(sums)"
"0","NDCG"
"1","[1]"
"1"," 0.3494453"
"1","
"
