{"chunk_definitions":[{"chunk_id":"cqwg20j54cph0","chunk_label":"unnamed-chunk-16","document_id":"DC267717","expansion_state":0,"options":{"engine":"r","label":"unnamed-chunk-26"},"row":294,"row_count":1,"visible":true},{"chunk_id":"c81234bj4ovgm","chunk_label":"unnamed-chunk-17","document_id":"DC267717","expansion_state":0,"options":{"engine":"r","label":"unnamed-chunk-27"},"row":300,"row_count":1,"visible":true},{"chunk_id":"ck6rdyckoc9ie","chunk_label":"unnamed-chunk-18","document_id":"DC267717","expansion_state":0,"options":{"engine":"r","label":"unnamed-chunk-59"},"row":308,"row_count":1,"visible":true},{"chunk_id":"cqio1ue40hiwy","chunk_label":"unnamed-chunk-19","document_id":"DC267717","expansion_state":0,"options":{"engine":"r","label":"unnamed-chunk-60"},"row":317,"row_count":1,"visible":true},{"chunk_id":"c5334e9j43dkq","chunk_label":"unnamed-chunk-20","document_id":"DC267717","expansion_state":0,"options":{"engine":"r","label":"unnamed-chunk-49"},"row":355,"row_count":1,"visible":true},{"chunk_id":"c50yejvvt7xaw","chunk_label":"unnamed-chunk-21","document_id":"DC267717","expansion_state":0,"options":{"engine":"r","label":"unnamed-chunk-61"},"row":398,"row_count":1,"visible":true}],"doc_write_time":1495978681}